{"cameraMode":{"drawMode":0,"name":"Shaded","section":"Shading Mode"},"sceneLighting":true,"audioPlay":false,"sceneViewState":{"m_AlwaysRefresh":false,"showFog":true,"showSkybox":true,"showFlares":true,"showImageEffects":true,"showParticleSystems":true,"showVisualEffectGraphs":true,"m_FxEnabled":true},"in2DMode":false,"pivot":{"x":8.343745231628418,"y":-2.4437408447265627,"z":1.8068537712097169},"rotation":{"x":-0.08037451654672623,"y":0.9195200204849243,"z":-0.27931147813796999,"w":-0.26461511850357058},"size":13.165031433105469,"orthographic":true}