{"cameraMode":{"drawMode":0,"name":"Shaded","section":"Shading Mode"},"sceneLighting":true,"audioPlay":false,"sceneViewState":{"m_AlwaysRefresh":false,"showFog":true,"showSkybox":true,"showFlares":true,"showImageEffects":true,"showParticleSystems":true,"showVisualEffectGraphs":true,"m_FxEnabled":true},"in2DMode":false,"pivot":{"x":-0.25490671396255495,"y":0.06420638412237168,"z":0.40515533089637759},"rotation":{"x":0.0953516736626625,"y":-0.8928269147872925,"z":0.22502878308296204,"w":0.378318727016449},"size":5.405966758728027,"orthographic":true}