{"cameraMode":{"drawMode":0,"name":"Shaded","section":"Shading Mode"},"sceneLighting":true,"audioPlay":false,"sceneViewState":{"m_AlwaysRefresh":false,"showFog":true,"showSkybox":true,"showFlares":true,"showImageEffects":true,"showParticleSystems":true,"showVisualEffectGraphs":true,"m_FxEnabled":true},"in2DMode":false,"pivot":{"x":-5.560907363891602,"y":3.2172980308532717,"z":-3.526785373687744},"rotation":{"x":0.0055849505588412289,"y":-0.9903799295425415,"z":0.1314949244260788,"w":0.04191073030233383},"size":2.080049514770508,"orthographic":true}