{"cameraMode":{"drawMode":0,"name":"Shaded","section":"Shading Mode"},"sceneLighting":true,"audioPlay":false,"sceneViewState":{"m_AlwaysRefresh":false,"showFog":true,"showSkybox":true,"showFlares":true,"showImageEffects":true,"showParticleSystems":true,"showVisualEffectGraphs":true,"m_FxEnabled":true},"in2DMode":false,"pivot":{"x":-1.9600000381469727,"y":2.1500000953674318,"z":-7.679999828338623},"rotation":{"x":0.008846231736242772,"y":0.6304628849029541,"z":0.007189985830336809,"w":-0.776151716709137},"size":1.6970841884613038,"orthographic":true}