{"cameraMode":{"drawMode":0,"name":"Shaded","section":"Shading Mode"},"sceneLighting":false,"audioPlay":false,"sceneViewState":{"m_AlwaysRefresh":false,"showFog":true,"showSkybox":false,"showFlares":true,"showImageEffects":true,"showParticleSystems":true,"showVisualEffectGraphs":true,"m_FxEnabled":true},"in2DMode":false,"pivot":{"x":234.2100067138672,"y":92.91300201416016,"z":-126.02999877929688},"rotation":{"x":0.03712247684597969,"y":0.46745651960372927,"z":-0.019615381956100465,"w":0.8829697370529175},"size":0.8660253882408142,"orthographic":true}