{"cameraMode":{"drawMode":0,"name":"Shaded","section":"Shading Mode"},"sceneLighting":true,"audioPlay":false,"sceneViewState":{"m_AlwaysRefresh":false,"showFog":true,"showSkybox":true,"showFlares":true,"showImageEffects":true,"showParticleSystems":true,"showVisualEffectGraphs":true,"m_FxEnabled":true},"in2DMode":false,"pivot":{"x":-0.402423620223999,"y":2.0267298221588136,"z":-2.29323148727417},"rotation":{"x":0.022238964214920999,"y":0.48933714628219607,"z":-0.012472463771700859,"w":0.8717484474182129},"size":2.1651687622070314,"orthographic":false}