{"cameraMode":{"drawMode":0,"name":"Shaded","section":"Shading Mode"},"sceneLighting":true,"audioPlay":false,"sceneViewState":{"m_AlwaysRefresh":false,"showFog":true,"showSkybox":true,"showFlares":true,"showImageEffects":true,"showParticleSystems":true,"showVisualEffectGraphs":true,"m_FxEnabled":true},"in2DMode":false,"pivot":{"x":-0.4170132577419281,"y":-1.1502681970596314,"z":-6.989588260650635},"rotation":{"x":0.003093201667070389,"y":-0.9899536967277527,"z":0.13991129398345948,"w":0.02226611226797104},"size":4.1303815841674809,"orthographic":false}