{"cameraMode":{"drawMode":0,"name":"Shaded","section":"Shading Mode"},"sceneLighting":true,"audioPlay":false,"sceneViewState":{"m_AlwaysRefresh":false,"showFog":true,"showSkybox":true,"showFlares":true,"showImageEffects":true,"showParticleSystems":true,"showVisualEffectGraphs":true,"m_FxEnabled":true},"in2DMode":false,"pivot":{"x":0.09766456484794617,"y":0.954092264175415,"z":0.4145227074623108},"rotation":{"x":-0.002986823907122016,"y":-0.9827319979667664,"z":0.1843128800392151,"w":-0.015925128012895585},"size":0.5174664258956909,"orthographic":false}