{"cameraMode":{"drawMode":0,"name":"Shaded","section":"Shading Mode"},"sceneLighting":true,"audioPlay":false,"sceneViewState":{"m_AlwaysRefresh":false,"showFog":true,"showSkybox":true,"showFlares":true,"showImageEffects":true,"showParticleSystems":true,"showVisualEffectGraphs":true,"m_FxEnabled":true},"in2DMode":false,"pivot":{"x":-2.0278613567352297,"y":1.823134422302246,"z":-5.495497226715088},"rotation":{"x":-0.032047949731349948,"y":-0.9672043323516846,"z":0.19646362960338593,"w":-0.1577782928943634},"size":0.6568590402603149,"orthographic":false}