{"cameraMode":{"drawMode":0,"name":"Shaded","section":"Shading Mode"},"sceneLighting":true,"audioPlay":false,"sceneViewState":{"m_AlwaysRefresh":false,"showFog":true,"showSkybox":true,"showFlares":true,"showImageEffects":true,"showParticleSystems":true,"showVisualEffectGraphs":true,"m_FxEnabled":true},"in2DMode":false,"pivot":{"x":-2.1688647270202638,"y":1.3374783992767335,"z":-3.7920045852661135},"rotation":{"x":0.18089093267917634,"y":0.8190454244613648,"z":-0.3905026912689209,"w":0.3794013261795044},"size":1.1863185167312623,"orthographic":false}