{"cameraMode":{"drawMode":0,"name":"Shaded","section":"Shading Mode"},"sceneLighting":true,"audioPlay":false,"sceneViewState":{"m_AlwaysRefresh":false,"showFog":true,"showSkybox":true,"showFlares":true,"showImageEffects":true,"showParticleSystems":true,"showVisualEffectGraphs":true,"m_FxEnabled":true},"in2DMode":false,"pivot":{"x":-0.26310697197914126,"y":0.6164987087249756,"z":0.5512299537658691},"rotation":{"x":0.022008724510669709,"y":-0.8814274668693543,"z":0.47002923488616946,"w":0.041279684752225879},"size":1.329629898071289,"orthographic":false}