{"cameraMode":{"drawMode":0,"name":"Shaded","section":"Shading Mode"},"sceneLighting":true,"audioPlay":false,"sceneViewState":{"m_AlwaysRefresh":false,"showFog":true,"showSkybox":true,"showFlares":true,"showImageEffects":true,"showParticleSystems":true,"showVisualEffectGraphs":true,"m_FxEnabled":true},"in2DMode":false,"pivot":{"x":-0.06119208037853241,"y":0.928490400314331,"z":0.4633631706237793},"rotation":{"x":0.018494265154004098,"y":-0.9665645956993103,"z":0.24515651166439057,"w":0.07291727513074875},"size":1.0320526361465455,"orthographic":false}