{"cameraMode":{"drawMode":0,"name":"Shaded","section":"Shading Mode"},"sceneLighting":true,"audioPlay":false,"sceneViewState":{"m_AlwaysRefresh":false,"showFog":true,"showSkybox":true,"showFlares":true,"showImageEffects":true,"showParticleSystems":true,"showVisualEffectGraphs":true,"m_FxEnabled":true},"in2DMode":false,"pivot":{"x":3.0946080684661867,"y":-0.8770641088485718,"z":-4.1919050216674809},"rotation":{"x":0.16860990226268769,"y":0.6773191690444946,"z":-0.16382113099098206,"w":0.6971166729927063},"size":3.3119280338287355,"orthographic":false}