{"cameraMode":{"drawMode":0,"name":"Shaded","section":"Shading Mode"},"sceneLighting":true,"audioPlay":false,"sceneViewState":{"m_AlwaysRefresh":false,"showFog":true,"showSkybox":true,"showFlares":true,"showImageEffects":true,"showParticleSystems":true,"showVisualEffectGraphs":true,"m_FxEnabled":true},"in2DMode":false,"pivot":{"x":422.2950439453125,"y":37.967498779296878,"z":2322.258544921875},"rotation":{"x":0.06061267852783203,"y":-0.09002507477998734,"z":0.005489031784236431,"w":0.9940928220748901},"size":1710.965087890625,"orthographic":false}