{"cameraMode":{"drawMode":0,"name":"Shaded","section":"Shading Mode"},"sceneLighting":true,"audioPlay":false,"sceneViewState":{"m_AlwaysRefresh":false,"showFog":true,"showSkybox":true,"showFlares":true,"showImageEffects":true,"showParticleSystems":true,"showVisualEffectGraphs":true,"m_FxEnabled":true},"in2DMode":false,"pivot":{"x":-3.3346915245056154,"y":-1.3167181015014649,"z":-7.570433139801025},"rotation":{"x":0.0000018314167391508818,"y":0.9633743762969971,"z":-0.268177330493927,"w":5.759065970778465e-7},"size":4.001385688781738,"orthographic":false}